"her error","her cputime","her dtArray"
3.832481709e-08,84.48,20
1.891132216e-07,70.32,25
6.877634967e-07,56.99,30
2.042486359e-06,49.23,35
5.295846522e-06,42.21,40
1.192775029e-05,36.32,45
2.498856913e-05,33.41,50
4.911397736e-05,31,55
9.007622137e-05,27.42,60
0.0001576497496,25.25,65
0.0002650741243,23.44,70
0.0004285040702,21.8,75
0.0006742635759,21.6,80